method, radii_type, L, B1, B5
morfeus, alvarez, 4.947129133638478, 2.9810686608778956, 6.733793766534599
morfeus, bondi, 4.947129133638478, 2.9810686608778956, 6.733793766534599
morfeus, crc, 4.847129133638479, 2.8810686608778955, 6.659230605159733
morfeus, rahm, 5.287129133638478, 3.321068660877896, 7.073793766534599
morfeus, pyykko, 4.0671291336384785, 2.1010686608778957, 5.853793766534599
morfeus, truhlar, 4.847129133638479, 2.8810686608778955, 6.659230605159733
morfeus, streusel, 4.987129133638478, 3.0210686608778956, 6.773793766534599
DBStep, vdW, 4.43712909, 2.8714681724218005, 6.659232596500704
