method, radii_type, L, B1, B5
morfeus, alvarez, 4.9981788369432305, 3.0457250233679254, 7.048819665745131
morfeus, bondi, 4.92817883694323, 3.051002991396155, 7.048819665745131
morfeus, crc, 4.92817883694323, 2.9791678079927584, 6.94881966574513
morfeus, rahm, 5.12817883694323, 3.348288626218759, 7.388819665745131
morfeus, pyykko, 3.97817883694323, 2.1690947855819473, 6.168819665745131
morfeus, truhlar, 4.92817883694323, 2.9791678079927584, 6.94881966574513
morfeus, streusel, 4.83817883694323, 3.0619797505245687, 7.088819665745131
DBStep, vdW, 4.67898537, 2.9925463723826824, 6.938819946059561
