method, radii_type, L, B1, B5
morfeus, alvarez, 5.929757703215521, 3.3989866059337155, 6.904463046972186
morfeus, bondi, 5.859757703215521, 3.3989866059337155, 6.904463046972186
morfeus, crc, 5.859757703215521, 3.298986605933716, 6.804463046972186
morfeus, rahm, 6.1924949955092545, 3.738986605933716, 7.244463046972186
morfeus, pyykko, 4.972494995509255, 2.5189866059337156, 6.024463046972186
morfeus, truhlar, 5.859757703215521, 3.298986605933716, 6.804463046972186
morfeus, streusel, 5.892494995509255, 3.4389866059337155, 6.944463046972186
DBStep, vdW, 5.45975775, 3.298040781617228, 6.794464905925169
