method, radii_type, L, B1, B5
morfeus, alvarez, 4.810626325827075, 3.3215333764266246, 6.971869512471313
morfeus, bondi, 4.810626325827075, 3.3215333764266246, 6.971869512471313
morfeus, crc, 4.710626325827075, 3.221533376426625, 6.871869512471314
morfeus, rahm, 5.150626325827075, 3.661533376426625, 7.311869512471313
morfeus, pyykko, 3.930626325827074, 2.4415333764266247, 6.091869512471313
morfeus, truhlar, 4.710626325827075, 3.221533376426625, 6.871869512471314
morfeus, streusel, 4.850626325827074, 3.3615333764266246, 7.011869512471313
DBStep, vdW, 4.38470992, 3.2165544629102074, 6.861869612026498
