method, radii_type, L, B1, B5
morfeus, alvarez, 6.979251349022461, 2.4405768140280735, 6.744204727289128
morfeus, bondi, 6.979251349022461, 2.4007370524306673, 6.744204727289128
morfeus, crc, 6.879251349022462, 2.3604270766814155, 6.743327338464594
morfeus, rahm, 7.319251349022461, 2.740737052430667, 7.084204727289128
morfeus, pyykko, 6.099251349022461, 1.5207370524306671, 5.8642047272891284
morfeus, truhlar, 6.879251349022462, 2.3604270766814155, 6.743327338464594
morfeus, streusel, 7.019251349022461, 2.4407370524306673, 6.784204727289128
DBStep, vdW, 6.46925131, 2.3673803481356184, 6.7433282504902685
