method, radii_type, L, B1, B5
morfeus, alvarez, 5.417271309283218, 4.0600294333637, 7.012544103626511
morfeus, bondi, 5.417271309283218, 4.0600294333637, 7.012544103626511
morfeus, crc, 5.3172713092832185, 3.961780071115876, 6.966122235871769
morfeus, rahm, 5.757271309283219, 4.4000294333637, 7.352544103626511
morfeus, pyykko, 4.537271309283218, 3.1800294333636994, 6.132544103626511
morfeus, truhlar, 5.3172713092832185, 3.961780071115876, 6.966122235871769
morfeus, streusel, 5.457271309283218, 4.1000294333637, 7.052544103626511
DBStep, vdW, 5.23303609, 3.970327645336323, 6.966123172344192
