method, radii_type, L, B1, B5
morfeus, alvarez, 4.795834716392236, 2.7823822942180505, 7.023800902083935
morfeus, bondi, 4.795834716392236, 2.7823822942180505, 7.023800902083935
morfeus, crc, 4.695834716392237, 2.6823822942180504, 6.923800902083935
morfeus, rahm, 5.135834716392236, 3.122382294218051, 7.363800902083935
morfeus, pyykko, 3.915834716392236, 1.9023822942180506, 6.143800902083935
morfeus, truhlar, 4.695834716392237, 2.6823822942180504, 6.923800902083935
morfeus, streusel, 4.835834716392236, 2.8223822942180505, 7.063800902083935
DBStep, vdW, 4.53442222, 2.677733704614629, 6.913801000106013
