method, radii_type, L, B1, B5
morfeus, alvarez, 3.699976620828838, 2.242070245653111, 6.971065222374299
morfeus, bondi, 3.629976620828838, 2.242070245653111, 6.971065222374299
morfeus, crc, 3.629976620828838, 2.1420702456531115, 6.871065222374298
morfeus, rahm, 3.8789501874603727, 2.582070245653111, 7.311065222374299
morfeus, pyykko, 2.6799766208288385, 1.3620702456531113, 6.091065222374299
morfeus, truhlar, 3.629976620828838, 2.1420702456531115, 6.871065222374298
morfeus, streusel, 3.578950187460373, 2.2820702456531112, 7.011065222374299
DBStep, vdW, 4.13513334, 2.132409219400795, 6.861065064641336
