method, radii_type, L, B1, B5
morfeus, alvarez, 4.646864354471736, 2.213502907278997, 7.065629678634538
morfeus, bondi, 4.536864354471736, 2.213502907278997, 7.065629678634538
morfeus, crc, 4.536864354471736, 2.113502907278997, 6.965629678634539
morfeus, rahm, 4.776864354471736, 2.5535029072789968, 7.405629678634538
morfeus, pyykko, 3.6968643544717357, 1.3335029072789968, 6.185629678634538
morfeus, truhlar, 4.536864354471736, 2.113502907278997, 6.965629678634539
morfeus, streusel, 4.476864354471736, 2.253502907278997, 7.105629678634538
DBStep, vdW, 4.1892404800000005, 2.1060570810167034, 6.9556317608623734
