method, radii_type, L, B1, B5
morfeus, alvarez, 5.764618275285028, 2.7052338479496516, 7.063099223483927
morfeus, bondi, 5.764618275285028, 2.7052338479496516, 7.063099223483927
morfeus, crc, 5.6646182752850285, 2.6052338479496515, 6.963099223483926
morfeus, rahm, 6.104618275285029, 3.0452338479496515, 7.403099223483927
morfeus, pyykko, 4.884618275285028, 1.8252338479496515, 6.183099223483927
morfeus, truhlar, 5.6646182752850285, 2.6052338479496515, 6.963099223483926
morfeus, streusel, 5.804618275285028, 2.7452338479496516, 7.103099223483927
DBStep, vdW, 5.25697931, 2.601298211819645, 6.953100897894605
