method, radii_type, L, B1, B5
morfeus, alvarez, 5.91610953858549, 3.0008896128745692, 6.785988254249105
morfeus, bondi, 5.91610953858549, 3.0008896128745692, 6.785988254249105
morfeus, crc, 5.81610953858549, 2.900889612874569, 6.685988254249105
morfeus, rahm, 6.2561095385854895, 3.3408896128745695, 7.125988254249105
morfeus, pyykko, 5.036109538585489, 2.1208896128745693, 5.905988254249105
morfeus, truhlar, 5.81610953858549, 2.900889612874569, 6.685988254249105
morfeus, streusel, 5.956109538585489, 3.0408896128745693, 6.825988254249105
DBStep, vdW, 5.4061094999999995, 2.89099278694073, 6.675988714737249
