method, radii_type, L, B1, B5
morfeus, alvarez, 4.301264646553813, 2.176801921767658, 7.147721929369209
morfeus, bondi, 4.301264646553813, 2.176801921767658, 7.147721929369209
morfeus, crc, 4.201264646553813, 2.076801921767658, 7.047721929369208
morfeus, rahm, 4.641264646553813, 2.516801921767658, 7.487721929369209
morfeus, pyykko, 3.4212646465538126, 1.2968019217676579, 6.267721929369209
morfeus, truhlar, 4.201264646553813, 2.076801921767658, 7.047721929369208
morfeus, streusel, 4.341264646553813, 2.216801921767658, 7.187721929369209
DBStep, vdW, 5.99037671, 2.067159655643913, 7.037722952669229
