method, radii_type, L, B1, B5
morfeus, alvarez, 5.615867358515652, 3.311399971572026, 11.449180735239338
morfeus, bondi, 5.545867358515652, 3.311399971572026, 11.449180735239338
morfeus, crc, 5.545867358515652, 3.211399971572026, 11.349180735239338
morfeus, rahm, 5.8128052151770735, 3.651399971572026, 11.789180735239338
morfeus, pyykko, 4.595867358515653, 2.431399971572026, 10.569180735239339
morfeus, truhlar, 5.545867358515652, 3.211399971572026, 11.349180735239338
morfeus, streusel, 5.512805215177073, 3.351399971572026, 11.489180735239339
DBStep, vdW, 9.45523377, 3.2045321198013017, 11.339184255605174
