method, radii_type, L, B1, B5
morfeus, alvarez, 5.428383789776685, 2.953144497196988, 11.031923748763779
morfeus, bondi, 5.358383789776686, 2.953144497196988, 11.031923748763779
morfeus, crc, 5.358383789776686, 2.853144497196988, 10.93192374876378
morfeus, rahm, 5.694974541989344, 3.2931444971969883, 11.37192374876378
morfeus, pyykko, 4.4749745419893445, 2.073144497196988, 10.15192374876378
morfeus, truhlar, 5.358383789776686, 2.853144497196988, 10.93192374876378
morfeus, streusel, 5.3949745419893445, 2.993144497196988, 11.07192374876378
DBStep, vdW, 9.36372145, 2.8529803958319198, 10.921925161427755
