method, radii_type, L, B1, B5
morfeus, alvarez, 4.612818095413908, 3.083332368752266, 8.704869272118339
morfeus, bondi, 4.612818095413908, 3.083332368752266, 8.704869272118339
morfeus, crc, 4.512818095413908, 2.983332368752266, 8.60486927211834
morfeus, rahm, 4.952818095413908, 3.4233323687522663, 9.044869272118339
morfeus, pyykko, 3.7328180954139074, 2.203332368752266, 7.824869272118339
morfeus, truhlar, 4.512818095413908, 2.983332368752266, 8.60486927211834
morfeus, streusel, 4.652818095413908, 3.123332368752266, 8.744869272118338
DBStep, vdW, 5.84908937, 2.9731427539985216, 8.594871596702202
