method, radii_type, L, B1, B5
morfeus, alvarez, 4.63339234340478, 3.1584599931592754, 8.063300888479718
morfeus, bondi, 4.63339234340478, 3.1584599931592754, 8.063300888479718
morfeus, crc, 4.53339234340478, 3.0584599931592753, 7.9633008884797185
morfeus, rahm, 4.973392343404781, 3.4984599931592752, 8.403300888479718
morfeus, pyykko, 3.7533923434047796, 2.278459993159275, 7.183300888479718
morfeus, truhlar, 4.53339234340478, 3.0584599931592753, 7.9633008884797185
morfeus, streusel, 4.67339234340478, 3.1984599931592754, 8.103300888479717
DBStep, vdW, 5.93269895, 3.053518815449827, 7.953303474603802
