method, radii_type, L, B1, B5
morfeus, alvarez, 5.6634966801397, 3.6810700548383837, 10.034022251200684
morfeus, bondi, 5.6634966801397, 3.6810700548383837, 10.034022251200684
morfeus, crc, 5.563496680139701, 3.5810700548383836, 9.934022251200684
morfeus, rahm, 6.0034966801397, 4.0210700548383835, 10.374022251200685
morfeus, pyykko, 4.7834966801397005, 2.8010700548383833, 9.154022251200685
morfeus, truhlar, 5.563496680139701, 3.5810700548383836, 9.934022251200684
morfeus, streusel, 5.7034966801397005, 3.7210700548383837, 10.074022251200685
DBStep, vdW, 6.15964603, 3.576678507098232, 9.9240228990891
