method, radii_type, L, B1, B5
morfeus, alvarez, 6.821577763097168, 2.471243325011979, 12.065540153184005
morfeus, bondi, 6.821577763097168, 2.4507719008593787, 12.065540153184005
morfeus, crc, 6.7215777630971685, 2.379701737097662, 11.965540153184005
morfeus, rahm, 7.161577763097168, 2.790771900859379, 12.405540153184006
morfeus, pyykko, 5.941577763097168, 1.570771900859379, 11.185540153184006
morfeus, truhlar, 6.7215777630971685, 2.379701737097662, 11.965540153184005
morfeus, streusel, 6.861577763097168, 2.4907719008593787, 12.105540153184005
DBStep, vdW, 8.014744030000001, 2.37697102, 11.955541565245026
