method, radii_type, L, B1, B5
morfeus, alvarez, 5.423583098961567, 2.2073817206218744, 8.545089715393416
morfeus, bondi, 5.399111657831825, 2.2073817206218744, 8.545089715393416
morfeus, crc, 5.3535830989615665, 2.1073817206218743, 8.445089715393417
morfeus, rahm, 5.739111657831826, 2.5473817206218747, 8.885089715393416
morfeus, pyykko, 4.519111657831825, 1.3273817206218745, 7.665089715393417
morfeus, truhlar, 5.3535830989615665, 2.1073817206218743, 8.445089715393417
morfeus, streusel, 5.439111657831825, 2.2473817206218745, 8.585089715393417
DBStep, vdW, 6.08295675, 2.0976234020716995, 8.435089979844733
