method, radii_type, L, B1, B5
morfeus, alvarez, 6.431223992630243, 2.1430157908765293, 13.991857537748244
morfeus, bondi, 6.431223992630243, 2.1310245472977294, 13.991857537748244
morfeus, crc, 6.3312239926302425, 2.046435779997292, 13.891857537748244
morfeus, rahm, 6.771223992630243, 2.4547910753815114, 14.331857537748245
morfeus, pyykko, 5.551223992630243, 1.2393916823189246, 13.111857537748245
morfeus, truhlar, 6.3312239926302425, 2.046435779997292, 13.891857537748244
morfeus, streusel, 6.471223992630243, 2.154791075381511, 14.031857537748245
DBStep, vdW, 7.28320267, 2.0383087286304757, 13.881857342619522
