method, radii_type, L, B1, B5
morfeus, alvarez, 4.476991107002855, 2.12334436931423, 10.591062165559084
morfeus, bondi, 4.366991107002856, 2.12334436931423, 10.591062165559084
morfeus, crc, 4.366991107002856, 2.047950556300482, 10.491062165559084
morfeus, rahm, 4.606991107002855, 2.46334436931423, 10.931062165559084
morfeus, pyykko, 3.5269911070028552, 1.2433443693142303, 9.711062165559085
morfeus, truhlar, 4.366991107002856, 2.047950556300482, 10.491062165559084
morfeus, streusel, 4.3069911070028555, 2.1633443693142302, 10.631062165559085
DBStep, vdW, 8.97968893, 2.0482989856766305, 10.481064869782541
