method, radii_type, L, B1, B5
morfeus, alvarez, 6.442429115674718, 4.106964346891935, 11.825750282772969
morfeus, bondi, 6.442429115674718, 4.106964346891935, 11.825750282772969
morfeus, crc, 6.342429115674719, 4.006964346891936, 11.72575028277297
morfeus, rahm, 6.782429115674718, 4.446964346891935, 12.165750282772969
morfeus, pyykko, 5.562429115674718, 3.2269643468919353, 10.94575028277297
morfeus, truhlar, 6.342429115674719, 4.006964346891936, 11.72575028277297
morfeus, streusel, 6.482429115674718, 4.146964346891935, 11.86575028277297
DBStep, vdW, 8.2707931, 3.999320145988838, 11.715752507207744
