method, radii_type, L, B1, B5
morfeus, alvarez, 6.630720839886001, 2.1528731831521637, 5.849393282134616
morfeus, bondi, 6.630720839886001, 2.1179476502628107, 5.849393282134616
morfeus, crc, 6.530720839886, 2.0700717441100247, 5.749393282134616
morfeus, rahm, 6.970720839886001, 2.3875662664779957, 6.189393282134616
morfeus, pyykko, 5.750720839886001, 1.2028430622005606, 4.969393282134616
morfeus, truhlar, 6.530720839886, 2.0700717441100247, 5.749393282134616
morfeus, streusel, 6.670720839886001, 2.0919850486712774, 5.889393282134616
