method, radii_type, L, B1, B5
morfeus, alvarez, 6.380924539019377, 1.77, 7.131747524319427
morfeus, bondi, 6.380924539019377, 1.7089263467748235, 7.131747524319427
morfeus, crc, 6.280924539019377, 1.7, 7.031747524319426
morfeus, rahm, 6.720924539019377, 2.000920334759317, 7.471747524319427
morfeus, pyykko, 5.500924539019377, 0.8036842913972924, 6.251747524319427
morfeus, truhlar, 6.280924539019377, 1.7, 7.031747524319426
morfeus, streusel, 6.420924539019377, 1.7029969358700128, 7.171747524319427
