method, radii_type, L, B1, B5
morfeus, alvarez, 4.990790519102242, 3.0255733615410927, 6.367386943654508
morfeus, bondi, 4.990790519102242, 3.0255733615410927, 6.367386943654508
morfeus, crc, 4.890790519102242, 2.925573361541093, 6.2673869436545075
morfeus, rahm, 5.330790519102242, 3.3655733615410925, 6.707386943654508
morfeus, pyykko, 4.110790519102242, 2.145573361541093, 5.487386943654508
morfeus, truhlar, 4.890790519102242, 2.925573361541093, 6.2673869436545075
morfeus, streusel, 5.030790519102242, 3.0655733615410927, 6.407386943654508
