method, radii_type, L, B1, B5
morfeus, alvarez, 3.2364795004924596, 1.7693301243602295, 3.381279616077042
morfeus, bondi, 3.1264795004924593, 1.6993301243602295, 3.381279616077042
morfeus, crc, 3.1264795004924593, 1.6993301243602295, 3.281279616077042
morfeus, rahm, 3.3664795004924595, 1.8993301243602294, 3.721279616077042
morfeus, pyykko, 2.2864795004924594, 0.7493301243602295, 2.5012796160770416
morfeus, truhlar, 3.1264795004924593, 1.6993301243602295, 3.281279616077042
morfeus, streusel, 3.0664795004924597, 1.6093301243602296, 3.421279616077042
