method, radii_type, L, B1, B5
morfeus, alvarez, 4.84644114553088, 1.8399297414526492, 4.606635317816554
morfeus, bondi, 4.84644114553088, 1.8076760717007638, 4.606635317816554
morfeus, crc, 4.746441145530881, 1.7542144678026972, 4.506635317816555
morfeus, rahm, 5.186441145530881, 2.0839853085939604, 4.946635317816554
morfeus, pyykko, 3.96644114553088, 0.8955854407864309, 3.726635317816554
morfeus, truhlar, 4.746441145530881, 1.7542144678026972, 4.506635317816555
morfeus, streusel, 4.88644114553088, 1.7897207263230666, 4.646635317816554
