method, radii_type, L, B1, B5
morfeus, alvarez, 5.0657730760219515, 2.8230474795652705, 6.665571972020843
morfeus, bondi, 5.0657730760219515, 2.8230474795652705, 6.665571972020843
morfeus, crc, 4.965773076021952, 2.7230474795652704, 6.565571972020843
morfeus, rahm, 5.405773076021952, 3.1630474795652708, 7.005571972020843
morfeus, pyykko, 4.185773076021952, 1.9430474795652706, 5.785571972020843
morfeus, truhlar, 4.965773076021952, 2.7230474795652704, 6.565571972020843
morfeus, streusel, 5.105773076021952, 2.8630474795652705, 6.705571972020843
