method, radii_type, L, B1, B5
morfeus, alvarez, 4.9135626272968, 2.4414058462530663, 6.345008055404988
morfeus, bondi, 4.9135626272968, 2.4414058462530663, 6.345008055404988
morfeus, crc, 4.8135626272968, 2.3414058462530667, 6.245008055404988
morfeus, rahm, 5.2535626272968, 2.781405846253066, 6.685008055404988
morfeus, pyykko, 4.0335626272968, 1.5614058462530664, 5.465008055404988
morfeus, truhlar, 4.8135626272968, 2.3414058462530667, 6.245008055404988
morfeus, streusel, 4.9535626272968, 2.4814058462530664, 6.385008055404988
