method, radii_type, L, B1, B5
morfeus, alvarez, 5.080807081172567, 2.5834383906533516, 6.345971168639647
morfeus, bondi, 5.080807081172567, 2.5834383906533516, 6.345971168639647
morfeus, crc, 4.980807081172568, 2.483438390653352, 6.245971168639647
morfeus, rahm, 5.420807081172568, 2.9234383906533514, 6.685971168639647
morfeus, pyykko, 4.2008070811725675, 1.7034383906533517, 5.465971168639647
morfeus, truhlar, 4.980807081172568, 2.483438390653352, 6.245971168639647
morfeus, streusel, 5.120807081172567, 2.6234383906533516, 6.385971168639647
