method, radii_type, L, B1, B5
morfeus, alvarez, 5.8765866213564575, 2.6704444607614173, 5.264032319500471
morfeus, bondi, 5.810790919494067, 2.6349130959285127, 5.264032319500471
morfeus, crc, 5.806586621356457, 2.586120174333841, 5.164032319500471
morfeus, rahm, 6.150790919494066, 2.9189412344947283, 5.604032319500471
morfeus, pyykko, 4.930790919494067, 1.7198137657307497, 4.384032319500471
morfeus, truhlar, 5.806586621356457, 2.586120174333841, 5.164032319500471
morfeus, streusel, 5.850790919494067, 2.618941234494728, 5.304032319500471
