method, radii_type, L, B1, B5
morfeus, alvarez, 9.128154974442037, 2.2254777572997684, 12.625070030311718
morfeus, bondi, 9.128154974442037, 2.2254777572997684, 12.625070030311718
morfeus, crc, 9.028154974442035, 2.1254777572997687, 12.525070030311719
morfeus, rahm, 9.468154974442037, 2.5654777572997687, 12.965070030311718
morfeus, pyykko, 8.248154974442036, 1.3454777572997687, 11.74507003031172
morfeus, truhlar, 9.028154974442035, 2.1254777572997687, 12.525070030311719
morfeus, streusel, 9.168154974442036, 2.2654777572997684, 12.66507003031172
DBStep, vdW, 8.61815479, 2.116212238719431, 12.515073084035802
