method, radii_type, L, B1, B5
morfeus, alvarez, 7.0556341265341995, 3.2429284026680776, 11.772618925787642
morfeus, bondi, 7.0556341265341995, 3.2429284026680776, 11.772618925787642
morfeus, crc, 6.9556341265342, 3.142928402668078, 11.672618925787642
morfeus, rahm, 7.395634126534199, 3.582928402668078, 12.112618925787643
morfeus, pyykko, 6.1756341265342005, 2.3629284026680777, 10.892618925787643
morfeus, truhlar, 6.9556341265342, 3.142928402668078, 11.672618925787642
morfeus, streusel, 7.0956341265342004, 3.2829284026680776, 11.812618925787643
DBStep, vdW, 6.5456344, 3.1341176710967655, 11.66261909878877
