method, radii_type, L, B1, B5
morfeus, alvarez, 4.694247911065286, 2.9106029671488933, 12.250004258976128
morfeus, bondi, 4.694247911065286, 2.9106029671488933, 12.250004258976128
morfeus, crc, 4.5942479110652865, 2.8106029671488937, 12.150004258976129
morfeus, rahm, 5.034247911065287, 3.250602967148893, 12.59000425897613
morfeus, pyykko, 3.8142479110652867, 2.0306029671488934, 11.37000425897613
morfeus, truhlar, 4.5942479110652865, 2.8106029671488937, 12.150004258976129
morfeus, streusel, 4.734247911065287, 2.9506029671488934, 12.29000425897613
DBStep, vdW, 5.89604206, 2.8040719946440196, 12.140004285352372
