method, radii_type, L, B1, B5
morfeus, alvarez, 6.484091331453586, 3.102240093657719, 10.69960719527895
morfeus, bondi, 6.484091331453586, 3.102240093657719, 10.69960719527895
morfeus, crc, 6.384091331453586, 3.002240093657719, 10.599607195278951
morfeus, rahm, 6.824091331453586, 3.442240093657719, 11.03960719527895
morfeus, pyykko, 5.604091331453586, 2.2222400936577187, 9.819607195278952
morfeus, truhlar, 6.384091331453586, 3.002240093657719, 10.599607195278951
morfeus, streusel, 6.524091331453587, 3.142240093657719, 10.739607195278952
DBStep, vdW, 13.32770667, 3.0120630287461925, 10.58960832373939
