method, radii_type, L, B1, B5
morfeus, alvarez, 5.611692331625784, 3.3437828759023045, 10.404147170834468
morfeus, bondi, 5.611692331625784, 3.3437828759023045, 10.404147170834468
morfeus, crc, 5.51672795292413, 3.243782875902305, 10.304147170834469
morfeus, rahm, 5.951692331625784, 3.683782875902305, 10.74414717083447
morfeus, pyykko, 4.7316923316257835, 2.4637828759023046, 9.52414717083447
morfeus, truhlar, 5.51672795292413, 3.243782875902305, 10.304147170834469
morfeus, streusel, 5.651692331625783, 3.3837828759023045, 10.44414717083447
DBStep, vdW, 13.2492086, 3.2320359480996848, 10.294147517711725
