method, radii_type, L, B1, B5
morfeus, alvarez, 4.6757622329958, 3.146668857363003, 10.456255172781661
morfeus, bondi, 4.6757622329958, 3.146668857363003, 10.456255172781661
morfeus, crc, 4.5757622329958, 3.046668857363003, 10.356255172781662
morfeus, rahm, 5.015762232995801, 3.4866688573630027, 10.796255172781663
morfeus, pyykko, 3.7957622329958, 2.266668857363003, 9.576255172781662
morfeus, truhlar, 4.5757622329958, 3.046668857363003, 10.356255172781662
morfeus, streusel, 4.7157622329958, 3.186668857363003, 10.496255172781662
DBStep, vdW, 12.22974621, 3.0385497415131266, 10.34625711740224
