method, radii_type, L, B1, B5
morfeus, alvarez, 5.6234496153975595, 2.9484648523384456, 10.426528151883732
morfeus, bondi, 5.562037559748849, 2.9484648523384456, 10.426528151883732
morfeus, crc, 5.553449615397559, 2.848464852338446, 10.326528151883732
morfeus, rahm, 5.90203755974885, 3.288464852338446, 10.766528151883733
morfeus, pyykko, 4.682037559748849, 2.0684648523384457, 9.546528151883733
morfeus, truhlar, 5.553449615397559, 2.848464852338446, 10.326528151883732
morfeus, streusel, 5.602037559748849, 2.9884648523384456, 10.466528151883733
DBStep, vdW, 12.24331265, 2.840655087070208, 10.316529914039105
