method, radii_type, L, B1, B5
morfeus, alvarez, 4.649072594506002, 3.6078829388359974, 11.05474554525717
morfeus, bondi, 4.649072594506002, 3.6078829388359974, 11.05474554525717
morfeus, crc, 4.549072594506002, 3.5078829388359973, 10.95474554525717
morfeus, rahm, 4.989072594506002, 3.9478829388359973, 11.39474554525717
morfeus, pyykko, 3.7690725945060017, 2.727882938835997, 10.17474554525717
morfeus, truhlar, 4.549072594506002, 3.5078829388359973, 10.95474554525717
morfeus, streusel, 4.689072594506002, 3.6478829388359975, 11.09474554525717
DBStep, vdW, 12.822555209999999, 3.5054140090806376, 10.9447456628991
