method, radii_type, L, B1, B5
morfeus, alvarez, 5.6724884402565054, 2.9200561089056793, 9.936041326659877
morfeus, bondi, 5.648078480786406, 2.9200561089056793, 9.936041326659877
morfeus, crc, 5.602488440256506, 2.8200561089056793, 9.836041326659878
morfeus, rahm, 5.988078480786406, 3.2600561089056797, 10.276041326659879
morfeus, pyykko, 4.768078480786405, 2.0400561089056795, 9.056041326659878
morfeus, truhlar, 5.602488440256506, 2.8200561089056793, 9.836041326659878
morfeus, streusel, 5.688078480786406, 2.9600561089056794, 9.976041326659878
DBStep, vdW, 9.63094095, 2.81163211267335, 9.826042844295623
