method, radii_type, L, B1, B5
morfeus, alvarez, 3.8637668515092343, 2.1936336215557004, 11.764083426959619
morfeus, bondi, 3.8637668515092343, 2.1936336215557004, 11.764083426959619
morfeus, crc, 3.763766851509234, 2.0936336215557003, 11.66408342695962
morfeus, rahm, 4.203766851509235, 2.5336336215557003, 12.104083426959619
morfeus, pyykko, 2.9837668515092344, 1.3136336215557003, 10.88408342695962
morfeus, truhlar, 3.763766851509234, 2.0936336215557003, 11.66408342695962
morfeus, streusel, 3.9037668515092343, 2.2336336215557004, 11.80408342695962
DBStep, vdW, 6.05361849, 2.092393481292876, 11.65408467940214
