method, radii_type, L, B1, B5
morfeus, alvarez, 6.001628791839512, 2.5651174750501107, 11.256088789225302
morfeus, bondi, 6.001628791839512, 2.5651174750501107, 11.256088789225302
morfeus, crc, 5.901628791839512, 2.4651174750501106, 11.156088789225302
morfeus, rahm, 6.341628791839512, 2.905117475050111, 11.596088789225302
morfeus, pyykko, 5.121628791839512, 1.6851174750501108, 10.376088789225303
morfeus, truhlar, 5.901628791839512, 2.4651174750501106, 11.156088789225302
morfeus, streusel, 6.041628791839512, 2.6051174750501107, 11.296088789225303
DBStep, vdW, 5.49162882, 2.4557457483005294, 11.146090388483264
